Date,reach_id,wse,wse_units
2023-08-28 05:19:46+00:00,45270000371,123.0734,m
2023-09-05 16:48:40+00:00,45270000371,120.0926,m
2023-09-18 02:04:52+00:00,45270000371,119.6732,m
2023-10-08 22:49:54+00:00,45270000371,120.8956,m
2023-10-17 10:18:47+00:00,45270000371,119.788,m
2023-10-29 19:34:59+00:00,45270000371,119.1625,m
2023-11-07 07:03:53+00:00,45270000371,119.0457,m
2023-11-19 16:20:05+00:00,45270000371,119.113,m
2023-11-28 03:48:58+00:00,45270000371,119.0436,m
2023-12-10 13:05:09+00:00,45270000371,119.089,m
2023-12-19 00:34:01+00:00,45270000371,118.8689,m
2024-01-08 21:19:08+00:00,45270000371,118.53,m
2024-01-21 06:35:21+00:00,45270000371,118.8648,m
2024-01-29 18:04:14+00:00,45270000371,118.6437,m
2024-02-11 03:20:26+00:00,45270000371,118.7331,m
2024-02-19 14:49:19+00:00,45270000371,118.778,m
2024-03-03 00:05:31+00:00,45270000371,118.9037,m
2024-03-11 11:34:22+00:00,45270000371,118.5339,m
2024-03-23 20:50:34+00:00,45270000371,118.8488,m
2024-04-01 08:19:26+00:00,45270000371,118.9885,m
2024-04-13 17:35:39+00:00,45270000371,119.0949,m
2024-04-22 05:04:32+00:00,45270000371,119.4318,m
2024-05-25 11:05:47+00:00,45270000371,120.1163,m
2024-06-02 22:34:41+00:00,45270000371,121.206,m
2024-06-15 07:50:54+00:00,45270000371,120.9519,m
2024-06-23 19:19:45+00:00,45270000371,121.395,m
2024-07-06 04:35:56+00:00,45270000371,124.547,m
2024-07-14 16:04:49+00:00,45270000371,122.5896,m
2024-07-27 01:21:02+00:00,45270000371,120.8764,m
2024-08-04 12:49:53+00:00,45270000371,122.1333,m
2024-08-16 22:06:06+00:00,45270000371,121.1329,m
2024-08-25 09:34:57+00:00,45270000371,121.1595,m
2024-09-06 18:51:12+00:00,45270000371,121.122,m
2024-10-06 03:05:12+00:00,45270000371,122.5258,m
2024-11-16 20:35:19+00:00,45270000371,119.073,m
2024-11-29 05:51:33+00:00,45270000371,119.1695,m
2025-05-15 03:52:08+00:00,45270000371,119.6961,m
2025-05-23 15:21:01+00:00,45270000371,119.8115,m
2025-06-05 00:37:14+00:00,45270000371,122.4343,m
2025-06-13 12:06:06+00:00,45270000371,120.1515,m
2025-06-25 21:22:19+00:00,45270000371,123.0183,m
2025-07-04 08:51:12+00:00,45270000371,121.6547,m
2025-07-16 18:07:25+00:00,45270000371,120.5924,m
2025-07-25 05:36:17+00:00,45270000371,120.1716,m
2025-08-06 14:52:28+00:00,45270000371,121.9289,m
2025-08-15 02:21:21+00:00,45270000371,122.1932,m
2025-08-27 11:37:34+00:00,45270000371,121.1031,m
2025-09-04 23:06:26+00:00,45270000371,120.8692,m
2025-09-17 08:22:36+00:00,45270000371,121.7984,m
2025-09-25 19:51:29+00:00,45270000371,120.7726,m
2025-10-08 05:07:41+00:00,45270000371,120.5647,m
2025-10-16 16:36:34+00:00,45270000371,120.5179,m
2025-10-29 01:52:48+00:00,45270000371,119.3011,m
2025-11-06 13:21:39+00:00,45270000371,119.3232,m
2025-11-18 22:37:50+00:00,45270000371,119.3669,m
2025-11-27 10:06:43+00:00,45270000371,118.5928,m
2025-12-09 19:22:53+00:00,45270000371,119.2605,m
2025-12-18 06:51:46+00:00,45270000371,118.912,m
2025-12-30 16:08:00+00:00,45270000371,118.9846,m
